ClientID,MasterID
CM2001,CM2001
CN4001,CREDNINJ
CP4001,PEAKPERF
CP4002,PEAKPERF
CPM001,CHOICEPA
CPM002,CHOICEPA
CPM003,CHOICEPA
CPM004,CHOICEPA
CPM005,CHOICEPA
CPM006,CHOICEPA
CPM007,CHOICEPA
MH3001,MH3001
NF2001,NF2001
NFF001,NFF001
WF4001,WALLFNCL
CREDNINJ,CREDNINJ
BGSOCT22,BGSOCT22
CN4002,CREDNINJ
CN4003,CREDNINJ
CN4004,CREDNINJ
CN4005,CREDNINJ
CN4006,CREDNINJ
CN4007,CREDNINJ
CN4008,CREDNINJ
WALLFNCL,WALLFNCL
WF4002,WALLFNCL
WF4003,WALLFNCL
WF4004,WALLFNCL
WF4005,WALLFNCL
WF4006,WALLFNCL
PEAKPERF,PEAKPERF
OMEGA,OMEGA
1100FL,1100FL
LUTHER,LUTHER
7010LF,LUTHER
7020LF,LUTHER
7011LF,LUTHER
3000DLVR,OMEGA
3000EDUC,OMEGA
3000LEIS,OMEGA
3000MEDI,OMEGA
3000MEMB,OMEGA
3000SEMI,OMEGA
7021LF,LUTHER
3000PERS,OMEGA
CPM008,CHOICEPA
CHOICEPA,CHOICEPA
CPM009,CHOICEPA
CPM010,CHOICEPA
3100DLVR,OMEGA
3100EDUC,OMEGA
3100MEDI,OMEGA
3100PERS,OMEGA
3200DLVR,OMEGA
3200EDUC,OMEGA
3200MEDI,OMEGA
3200PERS,OMEGA
3100MEMB,OMEGA
3100SEMI,OMEGA
3200MEMB,OMEGA
3200SEMI,OMEGA
3100LEIS,OMEGA
3300DLVR,OMEGA
3400DLVR,OMEGA
3300EDUC,OMEGA
3400EDUC,OMEGA
3300LEIS,OMEGA
3400LEIS,OMEGA
3300MEDI,OMEGA
3400MEDI,OMEGA
3300MEMB,OMEGA
3400MEMB,OMEGA
3300PERS,OMEGA
3400PERS,OMEGA
3300SEMI,OMEGA
3400SEMI,OMEGA
3200LEIS,OMEGA
7075LF,LUTHER
2060UAS,UAS
UAS,UAS
2085UAS,UAS
2120UAS,UAS
2750RISE,2750RISE
4000SF25,SMARTFIN
4000SF30,SMARTFIN
